Time Elapsed (s),Fx (N),Fy (N),Fz (N),Tx (Nm),Ty (Nm),Tz (Nm)
0.004000186920166016,0.438866,-4.756799,-9.571088,0.080473,0.007886,0.089592
0.021000146865844727,0.445165,-4.756804,-9.593221,0.080194,0.007942,0.089424
0.023000001907348633,0.446598,-4.757969,-9.572063,0.080068,0.007886,0.089218
0.02700018882751465,0.460845,-4.747344,-9.564912,0.080234,0.008547,0.089312
0.029000043869018555,0.456715,-4.759597,-9.543985,0.079745,0.007629,0.089355
0.03400015830993652,0.436564,-4.764188,-9.56168,0.079968,0.007601,0.089883
0.03800010681152344,0.423261,-4.745667,-9.569625,0.080218,0.007598,0.089661
0.04200005531311035,0.444296,-4.770959,-9.553682,0.080105,0.008008,0.089398
0.046000003814697266,0.436034,-4.762317,-9.556298,0.080396,0.008206,0.089609
0.051000118255615234,0.446724,-4.768809,-9.562543,0.080441,0.007838,0.089332
0.05500006675720215,0.444869,-4.768186,-9.565656,0.080087,0.008083,0.089646
0.05900001525878906,0.442939,-4.761834,-9.553351,0.080207,0.008208,0.089442
0.06500005722045898,0.442206,-4.754313,-9.543183,0.08012,0.00803,0.08959
0.0690000057220459,0.445127,-4.777455,-9.578238,0.080006,0.007687,0.089626
0.07300019264221191,0.439284,-4.760669,-9.567131,0.080458,0.007436,0.089613
0.07600021362304688,0.434738,-4.759588,-9.561797,0.080112,0.007754,0.089829
0.08000016212463379,0.446374,-4.758617,-9.56073,0.080148,0.007691,0.089947
0.0840001106262207,0.44095,-4.766552,-9.557985,0.080462,0.007779,0.089461
0.08800005912780762,0.455521,-4.753497,-9.582834,0.080196,0.007659,0.089474
0.09200000762939453,0.44651,-4.754356,-9.558383,0.080664,0.007979,0.089506
0.09600019454956055,0.437798,-4.747695,-9.561054,0.080313,0.00828,0.089558
0.10000014305114746,0.450872,-4.760904,-9.573525,0.080092,0.007748,0.089229
0.10400009155273438,0.443803,-4.758432,-9.566346,0.080337,0.007786,0.089472
0.11100006103515625,0.445953,-4.774442,-9.557013,0.080637,0.007567,0.089136
0.11300015449523926,0.433894,-4.768732,-9.569151,0.080167,0.007822,0.089676
0.11800003051757812,0.451901,-4.75227,-9.564604,0.080483,0.007521,0.089576
0.12199997901916504,0.441664,-4.762468,-9.562804,0.080366,0.007794,0.08906
0.12600016593933105,0.452399,-4.766019,-9.561198,0.080064,0.008024,0.089626
0.13000011444091797,0.467207,-4.758478,-9.555694,0.080296,0.007738,0.089189
0.13400006294250488,0.446416,-4.769824,-9.576277,0.080267,0.007688,0.089131
0.1380000114440918,0.444606,-4.75693,-9.55904,0.080467,0.007601,0.089297
0.1420001983642578,0.440547,-4.758222,-9.566202,0.079886,0.007361,0.089997
0.14600014686584473,0.437586,-4.753603,-9.555405,0.080386,0.007891,0.089623
0.15000009536743164,0.446667,-4.767581,-9.575938,0.080046,0.007649,0.090124
0.1550002098083496,0.443904,-4.757686,-9.562857,0.080338,0.007787,0.089487
0.16000008583068848,0.447822,-4.752894,-9.544841,0.080585,0.007941,0.08883
0.1640000343322754,0.443032,-4.76839,-9.569458,0.079515,0.007807,0.089342
0.1679999828338623,0.445394,-4.765534,-9.569344,0.080174,0.007974,0.089066
0.17200016975402832,0.453935,-4.766543,-9.575096,0.079869,0.007511,0.088976
0.17600011825561523,0.442978,-4.754455,-9.556677,0.080342,0.007503,0.089598
0.18000006675720215,0.437738,-4.760023,-9.551638,0.080028,0.007784,0.089146
0.18400001525878906,0.430452,-4.769448,-9.557259,0.080058,0.007825,0.089113
0.18800020217895508,0.435656,-4.760234,-9.556571,0.080491,0.007713,0.089593
0.192000150680542,0.453389,-4.753653,-9.557133,0.080219,0.007661,0.089075
0.1960000991821289,0.442873,-4.769541,-9.57348,0.080243,0.007714,0.089437
0.20200014114379883,0.449521,-4.769358,-9.561835,0.080159,0.008079,0.089866
0.20600008964538574,0.443988,-4.763574,-9.564572,0.080031,0.007859,0.089483
0.21000003814697266,0.458365,-4.757416,-9.560912,0.08021,0.007657,0.089532
0.21399998664855957,0.445039,-4.764988,-9.542764,0.079919,0.007752,0.089807
0.21800017356872559,0.437538,-4.769733,-9.555182,0.08036,0.00778,0.089793
0.2220001220703125,0.429303,-4.761381,-9.557225,0.080078,0.007808,0.089135
0.22600007057189941,0.43334,-4.755302,-9.552092,0.08077,0.008123,0.089449
0.23000001907348633,0.452811,-4.757707,-9.547201,0.080154,0.007431,0.089206
0.23400020599365234,0.448489,-4.752916,-9.560789,0.080086,0.008203,0.08933
0.23800015449523926,0.450042,-4.777207,-9.576794,0.08002,0.008053,0.089453
0.24300003051757812,0.45385,-4.760446,-9.536581,0.079965,0.007971,0.089947
0.2480001449584961,0.43685,-4.756036,-9.542618,0.080287,0.007715,0.089046
0.252000093460083,0.438003,-4.777801,-9.564844,0.08033,0.008114,0.089822
0.2560000419616699,0.43705,-4.758309,-9.567812,0.080306,0.007632,0.089081
0.25999999046325684,0.460045,-4.762273,-9.559015,0.079984,0.007916,0.089196
0.26400017738342285,0.449481,-4.746872,-9.567359,0.080153,0.00781,0.089155
0.26800012588500977,0.455537,-4.745789,-9.572966,0.08033,0.008281,0.089113
0.2720000743865967,0.448876,-4.753331,-9.585062,0.08049,0.008197,0.089791
0.2760000228881836,0.439326,-4.754141,-9.562812,0.080314,0.008024,0.089119
0.28100013732910156,0.445044,-4.778962,-9.559248,0.080318,0.007525,0.090085
0.2850000858306885,0.438236,-4.773678,-9.558786,0.080511,0.007407,0.089985
0.2890000343322754,0.427272,-4.762683,-9.563955,0.08023,0.007815,0.08952
0.29400014877319336,0.43872,-4.754328,-9.567418,0.080126,0.007573,0.089801
0.2980000972747803,0.452031,-4.751514,-9.550343,0.080687,0.007658,0.089443
0.3020000457763672,0.450124,-4.761723,-9.571387,0.079952,0.007917,0.090057
0.3059999942779541,0.451912,-4.755002,-9.57246,0.080103,0.007319,0.088886
0.3100001811981201,0.439499,-4.771546,-9.542178,0.079922,0.008106,0.089641
0.31400012969970703,0.442397,-4.757072,-9.542943,0.08052,0.007683,0.089094
0.31800007820129395,0.435366,-4.770409,-9.56169,0.080097,0.007682,0.089537
0.3230001926422119,0.419675,-4.756113,-9.556948,0.080286,0.00813,0.089688
0.32700014114379883,0.440915,-4.761252,-9.545987,0.080289,0.00767,0.089341
0.33100008964538574,0.442895,-4.753862,-9.569592,0.080555,0.007894,0.08978
0.33500003814697266,0.443116,-4.741305,-9.563144,0.080396,0.008056,0.089471
0.33899998664855957,0.440796,-4.761342,-9.555282,0.07973,0.008325,0.089019
0.34400010108947754,0.455849,-4.759913,-9.545832,0.080096,0.007701,0.08913
0.3470001220703125,0.4353,-4.75647,-9.554272,0.080175,0.008182,0.089893
0.35199999809265137,0.444968,-4.761291,-9.572934,0.080232,0.007863,0.089159
0.3560001850128174,0.448825,-4.762323,-9.563654,0.080178,0.007699,0.088922
0.3600001335144043,0.44131,-4.766048,-9.552536,0.080541,0.007578,0.08957
0.3640000820159912,0.44239,-4.754297,-9.558363,0.080233,0.007883,0.089565
0.36700010299682617,0.435906,-4.773924,-9.570703,0.080139,0.007999,0.089856
0.3710000514984131,0.433313,-4.768948,-9.575447,0.080179,0.007761,0.089691
0.377000093460083,0.447938,-4.751322,-9.551214,0.079805,0.008084,0.08948
0.3810000419616699,0.455043,-4.755147,-9.570376,0.080342,0.007911,0.089312
0.38499999046325684,0.446374,-4.74797,-9.576873,0.08069,0.007624,0.089485
0.38900017738342285,0.433027,-4.753523,-9.559783,0.080349,0.007981,0.089869
0.3940000534057617,0.43048,-4.764288,-9.555452,0.080097,0.008037,0.089384
0.39800000190734863,0.436415,-4.757158,-9.548438,0.080709,0.007909,0.089253
0.40200018882751465,0.438595,-4.767937,-9.572644,0.080072,0.00789,0.089502
0.40600013732910156,0.454329,-4.753549,-9.555309,0.080481,0.007808,0.089376
0.4090001583099365,0.455623,-4.757191,-9.544578,0.080217,0.007872,0.08963
0.41300010681152344,0.449312,-4.739657,-9.544002,0.079995,0.007912,0.089168
0.41700005531311035,0.433994,-4.762445,-9.578107,0.079951,0.00801,0.089222
0.42100000381469727,0.434505,-4.771449,-9.561383,0.079986,0.007855,0.089477
0.4250001907348633,0.431749,-4.762156,-9.567533,0.080171,0.007971,0.089696
0.4309999942779541,0.4369,-4.76745,-9.566228,0.080295,0.007693,0.090058
0.4350001811981201,0.434064,-4.77341,-9.578748,0.079924,0.008117,0.089386
0.440000057220459,0.455117,-4.760874,-9.582374,0.080538,0.007935,0.089528
0.4440000057220459,0.463437,-4.745421,-9.557161,0.080469,0.007536,0.089203
0.4480001926422119,0.453524,-4.761814,-9.552834,0.080108,0.008235,0.088874
0.4510002136230469,0.44807,-4.744768,-9.570994,0.080315,0.007928,0.089762
0.4550001621246338,0.440717,-4.760057,-9.552964,0.080444,0.007665,0.089362
0.4590001106262207,0.426264,-4.7593,-9.557616,0.080437,0.007937,0.089043
0.4630000591278076,0.441835,-4.759943,-9.569572,0.079969,0.007458,0.089371
0.46700000762939453,0.443849,-4.758706,-9.569396,0.080155,0.007452,0.08952
0.47100019454956055,0.428362,-4.776376,-9.575234,0.08012,0.008042,0.089679
0.47500014305114746,0.454883,-4.751403,-9.553942,0.080615,0.008099,0.089246
0.4790000915527344,0.460454,-4.759162,-9.55507,0.080212,0.007795,0.089736
0.4850001335144043,0.44464,-4.763504,-9.573339,0.080156,0.007941,0.089501
0.49000000953674316,0.437181,-4.774933,-9.560182,0.080197,0.008152,0.089368
0.4930000305175781,0.440663,-4.75035,-9.564578,0.080386,0.007562,0.089192
0.49699997901916504,0.441962,-4.771004,-9.562858,0.079914,0.007705,0.08962
0.501000165939331,0.42882,-4.768709,-9.571536,0.080188,0.007796,0.08932
0.505000114440918,0.427167,-4.76314,-9.547431,0.080507,0.007974,0.089269
0.5090000629425049,0.442176,-4.771606,-9.551798,0.080422,0.007755,0.089049
0.5130000114440918,0.461726,-4.758047,-9.553756,0.080294,0.007499,0.08928
0.5170001983642578,0.43789,-4.76125,-9.56298,0.080346,0.007748,0.089701
0.5210001468658447,0.447985,-4.746997,-9.562777,0.080433,0.008179,0.089521
0.5270001888275146,0.445672,-4.754544,-9.558628,0.080812,0.007804,0.089318
0.5300002098083496,0.437778,-4.771996,-9.569303,0.079843,0.007764,0.089632
0.5350000858306885,0.424348,-4.771931,-9.556169,0.080282,0.007779,0.089063
0.5390000343322754,0.425609,-4.772516,-9.549475,0.080185,0.007468,0.089424
0.5429999828338623,0.449347,-4.746921,-9.548915,0.080352,0.007615,0.089645
0.5470001697540283,0.453331,-4.74743,-9.567205,0.080395,0.007538,0.08956
0.5510001182556152,0.455538,-4.75599,-9.555694,0.080194,0.007782,0.089784
0.5550000667572021,0.460573,-4.755538,-9.559728,0.080132,0.007641,0.089361
0.5590000152587891,0.443762,-4.768738,-9.555951,0.080155,0.007877,0.089373
0.5630002021789551,0.435576,-4.759233,-9.55829,0.080113,0.007672,0.089856
0.567000150680542,0.436576,-4.769689,-9.565382,0.080343,0.007718,0.089514
0.5720000267028809,0.435181,-4.752899,-9.565212,0.080485,0.007722,0.089258
0.5760002136230469,0.434364,-4.762922,-9.551868,0.080021,0.007782,0.088982
0.5800001621246338,0.462765,-4.766995,-9.553356,0.080046,0.007927,0.089212
0.5840001106262207,0.460811,-4.751926,-9.568238,0.08032,0.007496,0.089568
0.5889999866485596,0.459525,-4.767062,-9.560933,0.080275,0.007568,0.089635
0.5930001735687256,0.450964,-4.742389,-9.553967,0.080113,0.008531,0.08895
0.5970001220703125,0.45088,-4.759281,-9.556573,0.080102,0.00776,0.089551
0.6010000705718994,0.439294,-4.778046,-9.565905,0.080513,0.007507,0.089699
0.6050000190734863,0.436123,-4.76102,-9.551845,0.080158,0.007675,0.089512
0.6090002059936523,0.436114,-4.764168,-9.560706,0.080551,0.007752,0.08922
0.6140000820159912,0.452316,-4.746702,-9.53989,0.080243,0.007688,0.089597
0.6180000305175781,0.462989,-4.751917,-9.581168,0.079954,0.007852,0.08924
0.621999979019165,0.455061,-4.750601,-9.572751,0.080296,0.008179,0.089312
0.626000165939331,0.457881,-4.752754,-9.555368,0.080144,0.007743,0.089181
0.630000114440918,0.443637,-4.760164,-9.564974,0.080197,0.007739,0.089071
0.6340000629425049,0.439858,-4.758053,-9.581083,0.080285,0.007757,0.089374
0.6390001773834229,0.423809,-4.765118,-9.564015,0.080693,0.007525,0.089103
0.6430001258850098,0.43921,-4.769153,-9.549579,0.080065,0.007513,0.089088
0.6470000743865967,0.435463,-4.763785,-9.564004,0.080636,0.007481,0.089549
0.6510000228881836,0.437731,-4.770364,-9.57496,0.080096,0.007979,0.089635
0.6560001373291016,0.452845,-4.749308,-9.568161,0.080177,0.008014,0.089715
0.6600000858306885,0.456388,-4.75229,-9.553777,0.080087,0.007973,0.08897
0.6640000343322754,0.463282,-4.750964,-9.56019,0.080043,0.007748,0.08908
0.6679999828338623,0.442859,-4.759688,-9.575945,0.080286,0.007528,0.089686
0.6720001697540283,0.437072,-4.765661,-9.563764,0.080125,0.007441,0.089602
0.6760001182556152,0.424687,-4.771863,-9.567762,0.080211,0.007747,0.089435
0.6800000667572021,0.423857,-4.772943,-9.564073,0.080051,0.00772,0.089688
0.6850001811981201,0.433731,-4.76655,-9.57242,0.080485,0.008024,0.088968
0.689000129699707,0.453068,-4.75362,-9.564238,0.080259,0.007527,0.089549
0.693000078201294,0.458159,-4.767638,-9.545718,0.080103,0.008055,0.089176
0.6980001926422119,0.447075,-4.757106,-9.566672,0.080226,0.008342,0.089261
0.7020001411437988,0.435132,-4.751614,-9.578274,0.07999,0.007944,0.089046
0.7060000896453857,0.440562,-4.763609,-9.558586,0.080413,0.007633,0.08909
0.7100000381469727,0.435579,-4.763436,-9.541107,0.080423,0.007961,0.088906
0.7139999866485596,0.437311,-4.776221,-9.55663,0.080131,0.007466,0.088938
0.7180001735687256,0.428339,-4.772636,-9.580346,0.080246,0.007615,0.089472
0.7220001220703125,0.439761,-4.767887,-9.576902,0.080679,0.008161,0.089182
0.7260000705718994,0.454781,-4.764613,-9.54669,0.080426,0.007985,0.08897
0.7310001850128174,0.460919,-4.767503,-9.546109,0.07976,0.008065,0.089756
0.7350001335144043,0.457891,-4.757404,-9.55796,0.080035,0.007692,0.089467
0.7400000095367432,0.447249,-4.740018,-9.571766,0.080262,0.007604,0.089319
0.7440001964569092,0.435283,-4.755008,-9.564044,0.080094,0.007383,0.089235
0.7480001449584961,0.432048,-4.771191,-9.556977,0.080102,0.007438,0.089164
0.752000093460083,0.426247,-4.763412,-9.555275,0.080829,0.00798,0.089171
0.7560000419616699,0.4487,-4.764223,-9.555973,0.079954,0.007665,0.089694
0.7599999904632568,0.446504,-4.754692,-9.554221,0.080131,0.007952,0.089533
0.7640001773834229,0.466279,-4.751589,-9.556704,0.080466,0.008091,0.089643
0.7680001258850098,0.453524,-4.758031,-9.572994,0.080224,0.00789,0.089168
0.7720000743865967,0.449876,-4.761241,-9.591164,0.08032,0.007758,0.088965
0.7760000228881836,0.44787,-4.765338,-9.553027,0.079982,0.007502,0.089106
0.7800002098083496,0.438026,-4.762065,-9.569275,0.080155,0.007425,0.089162
0.7840001583099365,0.421759,-4.76139,-9.566913,0.080218,0.007759,0.089641
0.7880001068115234,0.433873,-4.774739,-9.563969,0.080244,0.007258,0.089742
0.7940001487731934,0.456067,-4.768008,-9.546388,0.080152,0.00786,0.089949
0.7980000972747803,0.454554,-4.76796,-9.565744,0.080074,0.007666,0.089288
0.8020000457763672,0.452455,-4.778101,-9.563308,0.080184,0.007855,0.08964
0.8059999942779541,0.456884,-4.74222,-9.584564,0.08059,0.008218,0.089619
0.8100001811981201,0.454077,-4.761823,-9.541978,0.080275,0.008041,0.089052
0.814000129699707,0.435297,-4.764595,-9.565094,0.080176,0.007822,0.089036
0.818000078201294,0.43437,-4.757242,-9.558675,0.08057,0.00781,0.089537
0.8210000991821289,0.434707,-4.7645,-9.554964,0.080394,0.007603,0.089436
0.8260002136230469,0.436909,-4.750145,-9.558619,0.080418,0.007698,0.089702
0.8300001621246338,0.446924,-4.757471,-9.568462,0.080215,0.007669,0.089552
0.8340001106262207,0.459025,-4.763966,-9.561682,0.080228,0.00787,0.089551
0.8380000591278076,0.463839,-4.758105,-9.569161,0.079914,0.008057,0.089643
0.8440001010894775,0.450986,-4.753073,-9.556353,0.080126,0.007707,0.089391
0.8480000495910645,0.445528,-4.772806,-9.565076,0.080297,0.007746,0.08956
0.8519999980926514,0.440543,-4.742078,-9.57385,0.080408,0.007895,0.089258
0.8560001850128174,0.44017,-4.770796,-9.567963,0.079957,0.007422,0.089309
0.8600001335144043,0.42896,-4.777437,-9.562237,0.079881,0.007379,0.089393
0.8630001544952393,0.44563,-4.770857,-9.559189,0.080283,0.007927,0.088953
0.8670001029968262,0.434621,-4.763544,-9.570949,0.079843,0.008206,0.089656
0.8710000514984131,0.452263,-4.770966,-9.571934,0.079924,0.007727,0.089398
0.876000165939331,0.456082,-4.754768,-9.548237,0.080117,0.007975,0.089731
0.880000114440918,0.461659,-4.755297,-9.54881,0.080201,0.007778,0.089269
0.8840000629425049,0.439459,-4.760124,-9.552866,0.079668,0.0078,0.089498
0.8900001049041748,0.442523,-4.759843,-9.557955,0.080243,0.007679,0.088927
0.8940000534057617,0.444278,-4.758718,-9.5749,0.08027,0.006828,0.089923
0.8980000019073486,0.435123,-4.766426,-9.542528,0.080602,0.007825,0.089777
0.9020001888275146,0.447686,-4.775483,-9.559212,0.079884,0.007508,0.089534
0.9050002098083496,0.447941,-4.764999,-9.545906,0.080036,0.007743,0.089288
0.9090001583099365,0.452784,-4.754068,-9.552812,0.080473,0.007751,0.088825
0.9130001068115234,0.463934,-4.743323,-9.562582,0.080152,0.007854,0.089417
0.9170000553131104,0.447109,-4.749014,-9.568734,0.080617,0.00806,0.089381
0.9220001697540283,0.436519,-4.772648,-9.566848,0.080112,0.00714,0.089421
0.9260001182556152,0.432252,-4.767762,-9.561306,0.080262,0.00749,0.089735
0.9300000667572021,0.423851,-4.772566,-9.568859,0.080404,0.00767,0.089422
0.9340000152587891,0.438894,-4.757434,-9.572605,0.080245,0.007786,0.089801
0.9380002021789551,0.457668,-4.755955,-9.582966,0.080377,0.008142,0.089616
0.942000150680542,0.460781,-4.761312,-9.574387,0.08012,0.007876,0.089515
0.9470000267028809,0.464991,-4.739563,-9.569083,0.080406,0.008169,0.089356
0.9510002136230469,0.447364,-4.756794,-9.562831,0.080387,0.007931,0.08927
0.9550001621246338,0.447731,-4.768398,-9.570293,0.080359,0.007232,0.089358
0.9590001106262207,0.429375,-4.764357,-9.573561,0.08027,0.007623,0.089556
0.9630000591278076,0.43362,-4.751484,-9.554238,0.080215,0.007678,0.089533
0.9670000076293945,0.44606,-4.76145,-9.571701,0.080104,0.007613,0.089571
0.9710001945495605,0.437235,-4.780762,-9.558402,0.079961,0.00784,0.088997
0.9760000705718994,0.453957,-4.759043,-9.55917,0.080001,0.007943,0.089124
0.9800000190734863,0.461212,-4.760876,-9.562593,0.080226,0.008017,0.088876
0.9840002059936523,0.462043,-4.76231,-9.558176,0.080283,0.007476,0.089439
0.9890000820159912,0.447537,-4.765209,-9.55184,0.080358,0.007787,0.089507
0.9930000305175781,0.438246,-4.772961,-9.562091,0.080063,0.007499,0.089375
0.996999979019165,0.437421,-4.763696,-9.563001,0.07981,0.007775,0.089373
1.001000165939331,0.433994,-4.76004,-9.577664,0.080238,0.007422,0.089299
1.005000114440918,0.43161,-4.760202,-9.557314,0.080027,0.007621,0.089059
1.0090000629425049,0.449767,-4.756418,-9.537054,0.080022,0.007726,0.089315
1.0130000114440918,0.457965,-4.759999,-9.559111,0.080319,0.007863,0.089665
1.0170001983642578,0.455212,-4.755961,-9.562344,0.079655,0.007907,0.089334
1.0210001468658447,0.450407,-4.764963,-9.565222,0.080186,0.007822,0.089245
1.0260000228881836,0.442509,-4.764724,-9.54962,0.080369,0.007644,0.089149
1.0310001373291016,0.442475,-4.757228,-9.559717,0.080581,0.007449,0.089745
1.0350000858306885,0.420097,-4.779252,-9.569488,0.080418,0.007452,0.089645
1.0390000343322754,0.431522,-4.773319,-9.566072,0.080564,0.007639,0.089213
1.0429999828338623,0.45115,-4.760086,-9.558588,0.08015,0.007508,0.089478
1.0470001697540283,0.449506,-4.754082,-9.565802,0.079852,0.007537,0.089292
1.0510001182556152,0.460899,-4.761089,-9.555108,0.079984,0.008081,0.089236
1.0550000667572021,0.460661,-4.760445,-9.564654,0.080207,0.007935,0.089151
1.059000015258789,0.44213,-4.769608,-9.556353,0.080162,0.007931,0.08953
1.063000202178955,0.444764,-4.770336,-9.559022,0.080313,0.007324,0.089605
1.067000150680542,0.427064,-4.765098,-9.557404,0.080295,0.007766,0.089692
1.073000192642212,0.433533,-4.762568,-9.560739,0.08029,0.007648,0.089143
1.0770001411437988,0.445337,-4.754846,-9.559673,0.080113,0.007543,0.08949
1.0810000896453857,0.438717,-4.758137,-9.554346,0.079917,0.00841,0.089321
1.0850000381469727,0.445896,-4.764611,-9.556691,0.080373,0.008281,0.08997
1.0889999866485596,0.462276,-4.762455,-9.574965,0.080116,0.007798,0.089436
1.0930001735687256,0.453915,-4.762273,-9.558432,0.08033,0.007668,0.089139
1.0970001220703125,0.45048,-4.771968,-9.549116,0.080137,0.007898,0.089711
1.1010000705718994,0.435602,-4.764666,-9.56964,0.080069,0.007828,0.0889
1.1050000190734863,0.439998,-4.771364,-9.555876,0.080511,0.007605,0.089432
1.1090002059936523,0.446544,-4.756646,-9.564998,0.0804,0.007527,0.089437
1.1140000820159912,0.441839,-4.746842,-9.572793,0.08032,0.008167,0.089311
1.1190001964569092,0.443502,-4.778048,-9.57122,0.080243,0.007518,0.089604
1.123000144958496,0.454758,-4.758749,-9.572875,0.080528,0.007759,0.08968
1.127000093460083,0.451095,-4.756156,-9.560454,0.080404,0.007993,0.08912
1.13100004196167,0.451423,-4.759295,-9.573833,0.080465,0.007957,0.089516
1.1349999904632568,0.44176,-4.763332,-9.562815,0.080143,0.007705,0.089528
1.1390001773834229,0.436328,-4.77051,-9.550925,0.080172,0.007603,0.089705
1.1430001258850098,0.446889,-4.755009,-9.566723,0.080482,0.007617,0.089376
1.1470000743865967,0.43928,-4.754569,-9.552167,0.079961,0.007577,0.089289
1.1510000228881836,0.451481,-4.754988,-9.55478,0.080336,0.007802,0.089699
1.1560001373291016,0.445319,-4.756493,-9.567282,0.080346,0.007912,0.089961
1.1600000858306885,0.463912,-4.764472,-9.554129,0.08016,0.007324,0.089646
1.1640000343322754,0.454134,-4.757818,-9.563822,0.080148,0.007733,0.089691
1.1690001487731934,0.440475,-4.766792,-9.566134,0.080154,0.007436,0.089466
1.1730000972747803,0.418176,-4.757614,-9.557979,0.080148,0.00805,0.088986
1.1770000457763672,0.442769,-4.752715,-9.550213,0.080308,0.007974,0.089067
1.180999994277954,0.423694,-4.768876,-9.565374,0.080252,0.007887,0.089433
1.1850001811981201,0.447761,-4.770841,-9.572549,0.080074,0.007959,0.089183
1.189000129699707,0.463367,-4.764805,-9.56624,0.080112,0.008028,0.089338
1.193000078201294,0.445341,-4.751934,-9.544212,0.080393,0.008205,0.089317
1.196000099182129,0.458792,-4.754329,-9.572994,0.080487,0.007617,0.090148
1.2000000476837158,0.439079,-4.772245,-9.556218,0.079958,0.007891,0.089371
1.2060000896453857,0.434146,-4.767332,-9.558323,0.080296,0.007868,0.089378
1.2100000381469727,0.442464,-4.756183,-9.549936,0.080254,0.007866,0.089644
1.2139999866485596,0.422125,-4.75855,-9.558722,0.08034,0.008211,0.089437
1.2190001010894775,0.433674,-4.757509,-9.5752,0.080294,0.007906,0.089681
1.2230000495910645,0.446669,-4.760054,-9.562499,0.080324,0.007841,0.08922
1.2269999980926514,0.453669,-4.755629,-9.550125,0.080252,0.008043,0.089555
1.2310001850128174,0.455989,-4.766108,-9.565174,0.080047,0.008227,0.08964
1.2350001335144043,0.446188,-4.769675,-9.572493,0.080358,0.007854,0.08927
1.2380001544952393,0.440805,-4.754486,-9.57322,0.08035,0.007944,0.089529
1.2420001029968262,0.450158,-4.769467,-9.54452,0.080169,0.007463,0.089782
1.246000051498413,0.431826,-4.768158,-9.548269,0.080504,0.007883,0.089605
1.25,0.442899,-4.76473,-9.567348,0.080272,0.007562,0.089566
1.25600004196167,0.438293,-4.758082,-9.549702,0.080091,0.007614,0.089425
1.2599999904632568,0.462188,-4.767279,-9.559969,0.08023,0.007389,0.089134
1.2640001773834229,0.460087,-4.761455,-9.561838,0.080066,0.008354,0.089438
1.2690000534057617,0.435873,-4.763468,-9.551426,0.080275,0.007911,0.089255
1.2730000019073486,0.451127,-4.751865,-9.5451,0.080176,0.00743,0.089016
1.2770001888275146,0.432676,-4.755145,-9.569277,0.080527,0.007816,0.089433
1.2800002098083496,0.438872,-4.76721,-9.555968,0.080394,0.008018,0.089175
1.2840001583099365,0.43567,-4.760152,-9.566323,0.080347,0.007939,0.089103
1.2880001068115234,0.431815,-4.739891,-9.564006,0.080359,0.007603,0.089587
1.2920000553131104,0.447306,-4.765591,-9.5403,0.080042,0.007799,0.089748
1.2960000038146973,0.451672,-4.762748,-9.550725,0.080043,0.007916,0.089541
1.3000001907348633,0.461701,-4.753037,-9.560891,0.080366,0.007873,0.088918
1.305999994277954,0.445244,-4.752695,-9.564261,0.080548,0.007377,0.088962
1.3100001811981201,0.444256,-4.76384,-9.549127,0.080231,0.007824,0.08895
1.315000057220459,0.424779,-4.766834,-9.555078,0.080124,0.007856,0.089135
1.319000005722046,0.435502,-4.766334,-9.5625,0.080083,0.007755,0.089601
1.3220000267028809,0.447681,-4.781531,-9.567358,0.0802,0.007878,0.089728
1.3260002136230469,0.439341,-4.760802,-9.537344,0.080077,0.007819,0.089305
1.3300001621246338,0.44573,-4.756593,-9.550774,0.080198,0.007895,0.089083
1.3340001106262207,0.454249,-4.757514,-9.563258,0.07991,0.008139,0.089432
1.3380000591278076,0.445771,-4.769765,-9.571572,0.08029,0.007817,0.089436
1.3420000076293945,0.455258,-4.757128,-9.550314,0.080257,0.00762,0.089402
1.3460001945495605,0.434785,-4.751098,-9.556966,0.080361,0.0079,0.089351
1.3519999980926514,0.431109,-4.789746,-9.564042,0.080152,0.007413,0.08969
1.3560001850128174,0.436668,-4.765277,-9.550461,0.08002,0.00817,0.088943
1.3600001335144043,0.442227,-4.754525,-9.559628,0.080267,0.007969,0.089173
1.3640000820159912,0.46044,-4.762888,-9.578068,0.080223,0.007833,0.089343
1.3680000305175781,0.453973,-4.753234,-9.558146,0.07995,0.008354,0.089603
1.371999979019165,0.451707,-4.767418,-9.561696,0.080013,0.007941,0.08909
1.376000165939331,0.444404,-4.753801,-9.562278,0.080193,0.008101,0.089159
1.380000114440918,0.445733,-4.776885,-9.563334,0.080197,0.007471,0.089461
1.3840000629425049,0.451657,-4.77974,-9.566757,0.080649,0.007324,0.08957
1.3880000114440918,0.439196,-4.761339,-9.565381,0.080478,0.007502,0.089274
1.3920001983642578,0.443697,-4.766044,-9.556978,0.080268,0.007214,0.089181
1.3960001468658447,0.44331,-4.759735,-9.568827,0.079995,0.007931,0.08927
1.4020001888275146,0.44583,-4.75181,-9.569782,0.080726,0.007763,0.089666
1.4050002098083496,0.46028,-4.749871,-9.565797,0.080086,0.007954,0.089392
1.4090001583099365,0.445625,-4.763654,-9.56539,0.080214,0.007905,0.089046
1.4130001068115234,0.438355,-4.749331,-9.560843,0.080378,0.008009,0.089704
1.4179999828338623,0.436956,-4.767656,-9.571975,0.080409,0.007842,0.089224
1.4220001697540283,0.429863,-4.768336,-9.577143,0.080359,0.007991,0.089328
1.4260001182556152,0.425289,-4.75777,-9.565901,0.080374,0.007845,0.088989
1.4300000667572021,0.440478,-4.748548,-9.534488,0.080611,0.007792,0.089889
1.434000015258789,0.446818,-4.763734,-9.564522,0.079928,0.007726,0.089769
1.438000202178955,0.45583,-4.761951,-9.58235,0.080645,0.007861,0.089241
1.442000150680542,0.452546,-4.740068,-9.550885,0.080123,0.007723,0.088932
1.4470000267028809,0.444306,-4.769336,-9.555859,0.080104,0.007753,0.089759
1.4510002136230469,0.451997,-4.755438,-9.562236,0.080547,0.007955,0.08941
1.4550001621246338,0.429915,-4.759639,-9.557833,0.080018,0.007475,0.089637
1.4590001106262207,0.445698,-4.758988,-9.563684,0.080423,0.007783,0.089621
1.4639999866485596,0.438034,-4.757341,-9.557119,0.080336,0.007517,0.089494
1.4680001735687256,0.436178,-4.758878,-9.566678,0.080129,0.008158,0.08952
1.4720001220703125,0.450257,-4.757306,-9.575473,0.080473,0.008021,0.089206
1.4760000705718994,0.455992,-4.766159,-9.561749,0.080198,0.007583,0.089227
1.4800000190734863,0.450053,-4.755175,-9.565239,0.079847,0.008015,0.089523
1.4840002059936523,0.437053,-4.767829,-9.561077,0.08003,0.007523,0.089299
1.4890000820159912,0.430999,-4.765416,-9.563894,0.080113,0.007653,0.088882
1.4930000305175781,0.440028,-4.750171,-9.557024,0.080094,0.00768,0.089178
1.496999979019165,0.438995,-4.760072,-9.557814,0.080142,0.007767,0.089155
1.501000165939331,0.450062,-4.757055,-9.554326,0.080514,0.007912,0.089343
1.505000114440918,0.453426,-4.760381,-9.557812,0.08037,0.007873,0.089355
1.5099999904632568,0.454687,-4.762044,-9.543556,0.080225,0.007573,0.088973
1.5140001773834229,0.452624,-4.764376,-9.562096,0.079868,0.008079,0.08927
1.5180001258850098,0.45486,-4.760368,-9.555747,0.080169,0.008396,0.089534
1.5220000743865967,0.435907,-4.76226,-9.573358,0.080272,0.008124,0.089258
1.5270001888275146,0.447497,-4.753521,-9.567009,0.080301,0.007837,0.089418
1.5310001373291016,0.433045,-4.771706,-9.557807,0.080051,0.00783,0.089588
1.5350000858306885,0.422608,-4.774989,-9.56225,0.080171,0.00791,0.089644
1.5390000343322754,0.445036,-4.757049,-9.553852,0.080483,0.007772,0.089576
1.5429999828338623,0.459755,-4.76854,-9.555391,0.080172,0.007502,0.089433
1.5470001697540283,0.459013,-4.758293,-9.567292,0.080147,0.007832,0.089292
1.5510001182556152,0.430897,-4.75563,-9.559822,0.07996,0.00782,0.089236
1.5550000667572021,0.42738,-4.761088,-9.542254,0.080213,0.008252,0.08922
1.559000015258789,0.439324,-4.764986,-9.535615,0.080313,0.007719,0.089536
1.564000129699707,0.423611,-4.749699,-9.556001,0.079896,0.007682,0.089555
1.569000005722046,0.430315,-4.771716,-9.552627,0.080397,0.007523,0.08972
1.573000192642212,0.451737,-4.754623,-9.560624,0.080356,0.007567,0.089255
1.5770001411437988,0.44284,-4.746951,-9.559498,0.08007,0.008192,0.089348
1.5810000896453857,0.463418,-4.763893,-9.555148,0.079978,0.007654,0.089407
1.5850000381469727,0.448929,-4.761188,-9.556228,0.08016,0.00768,0.089725
1.5889999866485596,0.450289,-4.750245,-9.55364,0.08042,0.008092,0.089438
1.5930001735687256,0.43121,-4.770916,-9.545865,0.079869,0.007828,0.089112
1.5970001220703125,0.438043,-4.759951,-9.564916,0.08033,0.008217,0.089705
1.6010000705718994,0.440535,-4.769738,-9.567041,0.080388,0.007739,0.089303
1.6050000190734863,0.435553,-4.752932,-9.547304,0.079886,0.007549,0.089345
1.6100001335144043,0.44549,-4.762926,-9.544877,0.080508,0.007776,0.089471
1.6150000095367432,0.453709,-4.764511,-9.552815,0.080095,0.008228,0.089838
1.6190001964569092,0.452224,-4.762208,-9.55732,0.080565,0.007459,0.089047
1.623000144958496,0.448011,-4.764529,-9.580844,0.080137,0.007974,0.088769
1.627000093460083,0.456582,-4.753429,-9.559156,0.080065,0.007784,0.08913
1.63100004196167,0.443103,-4.765112,-9.554303,0.08021,0.007939,0.089379
1.6349999904632568,0.437699,-4.773486,-9.558518,0.080083,0.007934,0.089381
1.6390001773834229,0.443773,-4.753519,-9.56053,0.080572,0.007483,0.089378
1.6430001258850098,0.448041,-4.759028,-9.545364,0.080127,0.007637,0.089219
1.6470000743865967,0.436508,-4.757887,-9.55871,0.079999,0.008123,0.089472
1.6510000228881836,0.446732,-4.770278,-9.551001,0.08001,0.008303,0.089526
1.6540000438690186,0.459243,-4.755078,-9.572292,0.080277,0.007986,0.089501
1.6590001583099365,0.442034,-4.766168,-9.558694,0.080133,0.007585,0.089361
1.6650002002716064,0.459482,-4.777825,-9.570879,0.08014,0.007841,0.089283
1.6670000553131104,0.442233,-4.773514,-9.587294,0.079899,0.007707,0.089826
1.6730000972747803,0.442609,-4.764828,-9.563432,0.080223,0.007778,0.08957
1.6770000457763672,0.441204,-4.758095,-9.543762,0.080192,0.007631,0.089623
1.680999994277954,0.447063,-4.756574,-9.545868,0.080383,0.007626,0.089679
1.6850001811981201,0.445309,-4.753078,-9.547289,0.080225,0.008022,0.088931
1.689000129699707,0.458102,-4.750877,-9.574591,0.080065,0.007735,0.08991
1.693000078201294,0.442757,-4.749791,-9.557046,0.08047,0.00765,0.089384
1.696000099182129,0.45288,-4.754084,-9.553426,0.080066,0.007932,0.089435
1.7000000476837158,0.425926,-4.777751,-9.562054,0.0799,0.007759,0.089123
1.7039999961853027,0.429714,-4.775739,-9.540361,0.080727,0.007942,0.089075
1.7090001106262207,0.426502,-4.764485,-9.553828,0.080072,0.007711,0.089498
1.7150001525878906,0.440139,-4.763263,-9.573645,0.080186,0.007894,0.089319
1.7190001010894775,0.449552,-4.754754,-9.567016,0.079798,0.00752,0.089272
1.7230000495910645,0.447382,-4.744908,-9.555933,0.08014,0.007777,0.08933
1.7269999980926514,0.462676,-4.75421,-9.570376,0.080411,0.007938,0.089193
1.7310001850128174,0.450239,-4.766972,-9.555474,0.08005,0.007729,0.089193
1.7350001335144043,0.434465,-4.761146,-9.563944,0.079953,0.00753,0.089593
1.7380001544952393,0.42775,-4.776046,-9.569912,0.080019,0.007897,0.089642
1.7420001029968262,0.439225,-4.756406,-9.561133,0.080254,0.007592,0.089903
1.746000051498413,0.444643,-4.745192,-9.562472,0.080553,0.007797,0.089393
1.75,0.449531,-4.774599,-9.565247,0.080012,0.008003,0.089627
1.755000114440918,0.446631,-4.765341,-9.58058,0.080084,0.007911,0.089534
1.758000135421753,0.453068,-4.748026,-9.56301,0.080129,0.008064,0.089271
1.7650001049041748,0.440383,-4.762368,-9.563115,0.080189,0.007891,0.089081
1.7690000534057617,0.44654,-4.751741,-9.548507,0.080469,0.00783,0.089444
1.7730000019073486,0.434112,-4.747481,-9.560669,0.080291,0.007628,0.089248
1.7760000228881836,0.447442,-4.759985,-9.556903,0.080433,0.007388,0.08976
1.7800002098083496,0.448465,-4.761204,-9.562158,0.08071,0.007752,0.089254
1.7840001583099365,0.444001,-4.766395,-9.563902,0.079994,0.007504,0.089642
1.7880001068115234,0.434416,-4.759753,-9.581045,0.080386,0.008001,0.089266
1.7920000553131104,0.448781,-4.752656,-9.550196,0.080353,0.007603,0.088983
1.7960000038146973,0.456842,-4.757523,-9.56465,0.080187,0.007593,0.089313
1.8000001907348633,0.437947,-4.755609,-9.571564,0.080053,0.00794,0.089257
1.8050000667572021,0.44653,-4.765965,-9.572352,0.080115,0.008107,0.088768
1.809000015258789,0.433133,-4.754492,-9.552912,0.080604,0.007721,0.089739
1.815000057220459,0.435517,-4.778291,-9.567742,0.080082,0.008006,0.089313
1.818000078201294,0.429365,-4.779205,-9.568155,0.080259,0.007676,0.089766
1.8220000267028809,0.437124,-4.777379,-9.5595,0.080171,0.007953,0.089222
1.8260002136230469,0.447476,-4.764673,-9.561993,0.079953,0.007944,0.089228
1.8300001621246338,0.463891,-4.771788,-9.562452,0.080355,0.007794,0.089689
1.8340001106262207,0.448145,-4.765338,-9.562776,0.079837,0.007766,0.089511
1.8380000591278076,0.452062,-4.767893,-9.561358,0.08022,0.007823,0.08974
1.8420000076293945,0.447162,-4.758155,-9.565441,0.079896,0.008051,0.089016
1.8460001945495605,0.448179,-4.757338,-9.577096,0.079925,0.007691,0.089256
1.8500001430511475,0.444576,-4.764072,-9.569343,0.080086,0.007745,0.089648
1.8540000915527344,0.440755,-4.771113,-9.559855,0.080302,0.0075,0.089539
1.8600001335144043,0.444995,-4.757739,-9.554069,0.080222,0.007869,0.08938
1.8640000820159912,0.448607,-4.763354,-9.561272,0.080152,0.007542,0.089837
1.8680000305175781,0.453548,-4.761051,-9.558604,0.080363,0.007725,0.08995
1.871999979019165,0.437487,-4.7635,-9.571499,0.08002,0.008317,0.089632
1.876000165939331,0.450755,-4.758479,-9.553424,0.07994,0.007874,0.08899
1.880000114440918,0.436075,-4.750518,-9.556158,0.080378,0.007799,0.088917
1.8840000629425049,0.441705,-4.751153,-9.569213,0.080447,0.008081,0.089079
1.8880000114440918,0.434723,-4.75343,-9.558665,0.080136,0.007929,0.088901
1.8920001983642578,0.454855,-4.772107,-9.542692,0.080044,0.007628,0.089737
1.8960001468658447,0.448131,-4.764256,-9.559298,0.080316,0.007768,0.089479
1.9010000228881836,0.447053,-4.760174,-9.565684,0.080111,0.007842,0.089937
1.9060001373291016,0.438369,-4.765689,-9.562128,0.07999,0.008325,0.089518
1.9100000858306885,0.461375,-4.74696,-9.568478,0.080522,0.007694,0.089475
1.9140000343322754,0.441635,-4.754361,-9.549709,0.080115,0.007688,0.089642
1.9179999828338623,0.433754,-4.763473,-9.580971,0.080408,0.007803,0.089381
1.9220001697540283,0.433282,-4.762702,-9.571346,0.080542,0.007587,0.089359
1.9260001182556152,0.453113,-4.758169,-9.55841,0.079998,0.007761,0.089753
1.9300000667572021,0.448503,-4.765433,-9.572284,0.080221,0.007863,0.089196
1.934000015258789,0.444132,-4.776594,-9.567572,0.08009,0.00788,0.089965
1.938000202178955,0.449658,-4.757527,-9.557354,0.080503,0.007742,0.089078
1.943000078201294,0.450929,-4.753898,-9.544018,0.08025,0.008328,0.089467
1.9470000267028809,0.447098,-4.743134,-9.55192,0.080161,0.007891,0.089573
1.9510002136230469,0.431391,-4.754516,-9.587109,0.079963,0.008249,0.089397
1.9560000896453857,0.440463,-4.764582,-9.547068,0.080345,0.007296,0.089913
1.9600000381469727,0.433876,-4.760289,-9.545918,0.080625,0.007498,0.08915
1.9639999866485596,0.446433,-4.772019,-9.537994,0.080474,0.007659,0.089621
1.9680001735687256,0.448007,-4.770761,-9.561362,0.080166,0.008104,0.089534
1.9720001220703125,0.439487,-4.761391,-9.574911,0.08031,0.008041,0.089239
1.9760000705718994,0.448154,-4.772192,-9.54811,0.080014,0.007942,0.089451
1.9800000190734863,0.46606,-4.760568,-9.566816,0.080458,0.007657,0.089398
1.9850001335144043,0.436437,-4.777926,-9.571761,0.080286,0.00806,0.089061
1.9890000820159912,0.436856,-4.754316,-9.552715,0.080459,0.007869,0.089545
1.9930000305175781,0.434065,-4.762239,-9.561173,0.080285,0.008063,0.089322
1.996999979019165,0.43683,-4.752233,-9.555954,0.080036,0.007841,0.089467
2.001000165939331,0.43782,-4.764511,-9.571177,0.080315,0.007824,0.089483
2.00600004196167,0.45537,-4.761168,-9.570191,0.080592,0.007831,0.089249
2.009999990463257,0.451967,-4.752775,-9.559668,0.080427,0.008079,0.089024
2.014000177383423,0.44971,-4.758942,-9.56072,0.080294,0.00759,0.089182
2.0180001258850098,0.44439,-4.75661,-9.569067,0.080463,0.008124,0.089266
2.0220000743865967,0.435816,-4.770336,-9.557047,0.080003,0.007956,0.089223
2.0270001888275146,0.438718,-4.751186,-9.55301,0.080019,0.00754,0.089394
2.0310001373291016,0.426818,-4.764612,-9.545686,0.080196,0.007768,0.089273
2.0350000858306885,0.451957,-4.759919,-9.562446,0.080417,0.007531,0.089391
2.0390000343322754,0.43894,-4.764699,-9.569187,0.08019,0.008135,0.089449
2.0429999828338623,0.44679,-4.754914,-9.553613,0.080196,0.007903,0.089573
2.0470001697540283,0.447305,-4.760152,-9.562525,0.080182,0.007938,0.08979
2.0510001182556152,0.435728,-4.757105,-9.551953,0.08034,0.007752,0.08983
2.055999994277954,0.439388,-4.75806,-9.560518,0.08031,0.007234,0.089559
2.06000018119812,0.447615,-4.766577,-9.563544,0.080318,0.007984,0.089381
2.064000129699707,0.446991,-4.75008,-9.556152,0.080106,0.007541,0.08952
2.069000005722046,0.435208,-4.758409,-9.558126,0.080003,0.007689,0.089173
2.073000192642212,0.443163,-4.762905,-9.553789,0.080296,0.007777,0.08953
2.077000141143799,0.449874,-4.76054,-9.562208,0.080187,0.007667,0.089762
2.0810000896453857,0.45766,-4.77954,-9.557003,0.080144,0.007779,0.089493
2.0850000381469727,0.449352,-4.753673,-9.564584,0.080487,0.007675,0.089188
2.0889999866485596,0.436334,-4.76098,-9.559435,0.080357,0.008174,0.08975
2.0930001735687256,0.451148,-4.761787,-9.551254,0.080251,0.007209,0.089289
2.0970001220703125,0.432685,-4.776058,-9.566772,0.079985,0.007751,0.089316
2.1010000705718994,0.441588,-4.765327,-9.557594,0.080228,0.007492,0.089721
2.1060001850128174,0.430468,-4.755248,-9.549536,0.080042,0.007971,0.089557
2.1080000400543213,0.430996,-4.743544,-9.540762,0.080448,0.008115,0.089634
2.115000009536743,0.451577,-4.761395,-9.566014,0.080471,0.008127,0.089686
2.119000196456909,0.451084,-4.762449,-9.564088,0.080257,0.007939,0.089465
2.123000144958496,0.444328,-4.7691,-9.543663,0.08046,0.007898,0.088967
2.127000093460083,0.441107,-4.762624,-9.553564,0.080201,0.007954,0.089168
2.13100004196167,0.451902,-4.753633,-9.563895,0.080764,0.008334,0.089598
2.134999990463257,0.425525,-4.765613,-9.57215,0.080139,0.007782,0.089848
2.139000177383423,0.442049,-4.740167,-9.554418,0.080031,0.007701,0.089458
2.1430001258850098,0.455998,-4.766984,-9.560936,0.080424,0.007884,0.089072
2.1470000743865967,0.436095,-4.756286,-9.547627,0.080428,0.008013,0.089003
2.1500000953674316,0.45467,-4.763689,-9.555521,0.080201,0.007791,0.089151
2.1540000438690186,0.448426,-4.75813,-9.563507,0.080501,0.007869,0.089329
2.1590001583099365,0.458759,-4.753393,-9.566484,0.080397,0.007957,0.089419
2.1650002002716064,0.444537,-4.765972,-9.55896,0.080275,0.00788,0.089532
2.1690001487731934,0.434568,-4.777082,-9.561433,0.080048,0.007868,0.08939
2.1730000972747803,0.432714,-4.75285,-9.569656,0.080403,0.008072,0.089097
2.177000045776367,0.443021,-4.753194,-9.554197,0.08024,0.007602,0.089422
2.180999994277954,0.45201,-4.749185,-9.559289,0.080443,0.007938,0.089332
2.18500018119812,0.43599,-4.757297,-9.562547,0.079868,0.008314,0.089415
2.189000129699707,0.457657,-4.751648,-9.557545,0.080011,0.007736,0.089644
2.192000150680542,0.441913,-4.755299,-9.544556,0.080355,0.007758,0.089365
2.196000099182129,0.450504,-4.753862,-9.555107,0.080585,0.008075,0.089547
2.200000047683716,0.445259,-4.770083,-9.570747,0.080581,0.007758,0.089569
2.2039999961853027,0.429021,-4.769588,-9.569564,0.079963,0.007694,0.089461
2.2090001106262207,0.442029,-4.7547,-9.556862,0.080283,0.007951,0.08968
2.2150001525878906,0.439508,-4.759639,-9.551762,0.080419,0.008094,0.089425
2.2190001010894775,0.441948,-4.750278,-9.573276,0.079962,0.007864,0.089345
2.2230000495910645,0.443826,-4.748941,-9.565987,0.080284,0.008136,0.089459
2.2269999980926514,0.442946,-4.756009,-9.566192,0.080432,0.007706,0.089303
2.2310001850128174,0.445629,-4.762908,-9.559366,0.080136,0.007717,0.089614
2.2340002059936523,0.427852,-4.763941,-9.571132,0.080024,0.007576,0.08932
2.2380001544952393,0.441745,-4.760257,-9.562476,0.080446,0.007861,0.089713
2.242000102996826,0.4452,-4.753274,-9.579862,0.080056,0.007932,0.089862
2.246000051498413,0.432827,-4.755138,-9.553151,0.079966,0.007787,0.089168
2.25,0.441688,-4.75528,-9.558467,0.080154,0.007573,0.089834
2.255000114440918,0.450081,-4.760725,-9.565507,0.080366,0.007536,0.089258
2.259000062942505,0.440353,-4.75574,-9.564337,0.079845,0.007667,0.089468
2.265000104904175,0.443042,-4.766495,-9.555346,0.08014,0.00835,0.089583
